﻿{
  "$schema": "http://json-schema.org/draft-04/schema#",
  "id": "http://hl7.org/fhir/json-schema/Account",
  "$ref": "#/definitions/Account",
  "description": "see http://hl7.org/fhir/json.html#schema for information about the FHIR Json Schemas",
  "definitions": {
    "Account": {
      "allOf": [
        {
          "$ref": "DomainResource.schema.json#/definitions/DomainResource"
        },
        {
          "description": "A financial tool for tracking value accrued for a particular purpose.  In the healthcare field, used to track charges for a patient, cost centers, etc.",
          "properties": {
            "resourceType": {
              "description": "This is a Account resource",
              "type": "string",
              "enum": [
                "Account"
              ]
            },
            "identifier": {
              "description": "Unique identifier used to reference the account.  May or may not be intended for human use (e.g. credit card number).",
              "type": "array",
              "items": {
                "$ref": "Identifier.schema.json#/definitions/Identifier"
              }
            },
            "name": {
              "description": "Name used for the account when displaying it to humans in reports, etc.",
              "type": "string"
            },
            "_name": {
              "description": "Extensions for name",
              "$ref": "Element.schema.json#/definitions/Element"
            },
            "type": {
              "description": "Categorizes the account for reporting and searching purposes.",
              "$ref": "CodeableConcept.schema.json#/definitions/CodeableConcept"
            },
            "status": {
              "description": "Indicates whether the account is presently used/useable or not.",
              "enum": [
                "active",
                "inactive",
                "entered-in-error"
              ],
              "type": "string"
            },
            "_status": {
              "description": "Extensions for status",
              "$ref": "Element.schema.json#/definitions/Element"
            },
            "active": {
              "description": "Indicates the period of time over which the account is allowed to have transactions posted to it.\nThis period may be different to the coveragePeriod which is the duration of time that services may occur.",
              "$ref": "Period.schema.json#/definitions/Period"
            },
            "currency": {
              "description": "Identifies the currency to which transactions must be converted when crediting or debiting the account.",
              "$ref": "Coding.schema.json#/definitions/Coding"
            },
            "balance": {
              "description": "Represents the sum of all credits less all debits associated with the account.  Might be positive, zero or negative.",
              "$ref": "Money.schema.json#/definitions/Money"
            },
            "coverage": {
              "description": "The party(s) that are responsible for payment (or part of) of charges applied to this account (including self-pay).\n\nA coverage may only be resposible for specific types of charges, and the sequence of the coverages in the account could be important when processing billing.",
              "type": "array",
              "items": {
                "$ref": "Reference.schema.json#/definitions/Reference"
              }
            },
            "coveragePeriod": {
              "description": "Identifies the period of time the account applies to; e.g. accounts created per fiscal year, quarter, etc.",
              "$ref": "Period.schema.json#/definitions/Period"
            },
            "subject": {
              "description": "Identifies the patient, device, practitioner, location or other object the account is associated with.",
              "$ref": "Reference.schema.json#/definitions/Reference"
            },
            "owner": {
              "description": "Indicates the organization, department, etc. with responsibility for the account.",
              "$ref": "Reference.schema.json#/definitions/Reference"
            },
            "description": {
              "description": "Provides additional information about what the account tracks and how it is used.",
              "type": "string"
            },
            "_description": {
              "description": "Extensions for description",
              "$ref": "Element.schema.json#/definitions/Element"
            },
            "guarantor": {
              "description": "Parties financially responsible for the account.",
              "type": "array",
              "items": {
                "$ref": "#/definitions/Account_Guarantor"
              }
            }
          },
          "required": [
            "resourceType"
          ]
        }
      ]
    },
    "Account_Guarantor": {
      "allOf": [
        {
          "$ref": "BackboneElement.schema.json#/definitions/BackboneElement"
        },
        {
          "description": "A financial tool for tracking value accrued for a particular purpose.  In the healthcare field, used to track charges for a patient, cost centers, etc.",
          "properties": {
            "party": {
              "description": "The entity who is responsible.",
              "$ref": "Reference.schema.json#/definitions/Reference"
            },
            "onHold": {
              "description": "A guarantor may be placed on credit hold or otherwise have their role temporarily suspended.",
              "type": "boolean"
            },
            "_onHold": {
              "description": "Extensions for onHold",
              "$ref": "Element.schema.json#/definitions/Element"
            },
            "period": {
              "description": "The timeframe during which the guarantor accepts responsibility for the account.",
              "$ref": "Period.schema.json#/definitions/Period"
            }
          },
          "required": [
            "party"
          ]
        }
      ]
    }
  }
}